amazon_url,message_time
https://www.amazon.in/dp/B09RW5M4XM,2024-02-25 23:07:38
https://www.amazon.in/dp/B0C8N2JNLN,2024-02-26 12:57:58
https://www.amazon.in/dp/B0BMQPP2TB,2024-02-26 12:58:21
https://www.amazon.in/dp/B0CWGKBQF3,2024-02-26 12:58:29
https://www.amazon.in/dp/B0CWGSFQX5,2024-02-26 12:59:09
https://www.amazon.in/dp/B0CWGKW6NQ,2024-02-26 12:59:13
https://www.amazon.in/dp/B0CWGCCP8D,2024-02-26 12:59:17
https://www.amazon.in/dp/B09G9HD6PD,2024-02-26 13:02:57
https://www.amazon.in/dp/B019HA8DQQ,2024-02-26 13:12:39
https://www.amazon.in/dp/B0BHT5J7NG,2024-02-26 13:12:53
https://www.amazon.in/dp/B08HZW2BFL,2024-02-26 13:13:06
https://www.amazon.in/dp/B0B1DNMQG6,2024-02-26 13:16:00
https://www.amazon.in/dp/B0BY8VYFM3,2024-02-26 13:23:15
https://www.amazon.in/dp/B0C81RKV66,2024-02-26 13:31:14
https://www.amazon.in/dp/B0993F2QKM,2024-02-26 13:32:06
https://www.amazon.in/dp/B09DTH7M27,2024-02-26 13:32:34
https://www.amazon.in/dp/B0B397LV7J,2024-02-26 13:32:54
https://www.amazon.in/dp/B0BF57RN3K,2024-02-26 13:42:47
https://www.amazon.in/dp/B0BZLLH633,2024-02-26 13:43:19
https://www.amazon.in/dp/B0BWJXTLGM,2024-02-26 13:57:36
https://www.amazon.in/dp/B0C96FWVZF,2024-02-26 13:58:23
https://www.amazon.in/dp/B09SGF7SMV,2024-02-26 14:09:57
https://www.amazon.in/dp/B0BWJWPZVX,2024-02-26 14:10:09
https://www.amazon.in/dp/B09XBFQSG6,2024-02-26 14:10:29
https://www.amazon.in/dp/B07JB8MCWJ,2024-02-26 14:11:01
https://www.amazon.in/dp/B098LR2L3K,2024-02-26 14:17:51
https://www.amazon.in/dp/B09N7H7LVP,2024-02-26 14:18:26
https://www.amazon.in/dp/B08287Y65D,2024-02-26 14:18:59
https://www.amazon.in/dp/B0BW4HKHF9,2024-02-26 14:25:59
https://www.amazon.in/dp/B007E9I11K,2024-02-26 14:26:20
https://www.amazon.in/dp/B0C869B16H,2024-02-26 14:26:55
https://www.amazon.in/dp/B0CLGKP86Y,2024-02-26 14:27:04
https://www.amazon.in/dp/B0B7JWJ1RG,2024-02-26 14:27:36
https://www.amazon.in/dp/B091MHZD1L,2024-02-26 14:27:59
https://www.amazon.in/dp/B0CHW7PPTX,2024-02-26 14:32:45
https://www.amazon.in/dp/B09MM2QY4J,2024-02-26 14:33:32
https://www.amazon.in/dp/B07HKDQV8H,2024-02-26 14:33:54
https://www.amazon.in/dp/B083NZQ4B3,2024-02-26 14:34:12
https://www.amazon.in/dp/B08D75R3Z1,2024-02-26 14:37:12
https://www.amazon.in/dp/B07WGPKYRC,2024-02-26 14:42:53
https://www.amazon.in/dp/B0C7QF399Q,2024-02-26 14:43:19
https://www.amazon.in/dp/B0BYSCPVYB,2024-02-26 14:47:32
https://www.amazon.in/dp/B0BBQV5JWJ,2024-02-26 14:48:08
https://www.amazon.in/dp/B0C5932KDM,2024-02-26 14:48:19
https://www.amazon.in/dp/B0CGDQ7VNL,2024-02-26 14:57:06
https://www.amazon.in/dp/B09FY5CTGS,2024-02-26 15:04:04
https://www.amazon.in/dp/B09FY7NT4W,2024-02-26 15:04:25
https://www.amazon.in/dp/B07JQNB7QG,2024-02-26 15:13:05
https://www.amazon.in/dp/B08GLHM8M7,2024-02-26 15:16:05
https://www.amazon.in/dp/B0BS3WVXLV,2024-02-26 15:27:05
https://www.amazon.in/dp/B0BPLYD48M,2024-02-26 15:35:45
https://www.amazon.in/dp/B0C5JV475L,2024-02-26 15:36:11
https://www.amazon.in/dp/B09BK1RBDR,2024-02-26 15:36:25
https://www.amazon.in/dp/B08BJN4MP3,2024-02-26 15:36:38
https://www.amazon.in/dp/B08GRV5WBL,2024-02-26 15:41:00
https://www.amazon.in/dp/B0C3R5VWP3,2024-02-26 15:41:21
https://www.amazon.in/dp/B0BSR3JG3N,2024-02-26 15:41:29
https://www.amazon.in/dp/B0BRMVDWY8,2024-02-26 15:43:59
https://www.amazon.in/dp/B0BM3ZBJMT,2024-02-26 15:48:04
https://www.amazon.in/dp/B0C5HJ4HGH,2024-02-26 15:48:37
https://www.amazon.in/dp/B0B39FMGGF,2024-02-26 16:05:09
https://www.amazon.in/dp/B0C28882JF,2024-02-26 16:05:47
https://www.amazon.in/dp/B0B8DKL2SD,2024-02-26 16:06:11
https://www.amazon.in/dp/B0CCYRYQF9,2024-02-26 16:06:19
https://www.amazon.in/dp/B0B25KQ11D,2024-02-26 16:06:47
https://www.amazon.in/dp/B0CRTJH57W,2024-02-26 16:07:15
https://www.amazon.in/dp/B08LBBPLPT,2024-02-26 16:10:41
https://www.amazon.in/dp/B0BZSQGFQ6,2024-02-26 16:12:43
https://www.amazon.in/dp/B09FZDXWQW,2024-02-26 16:13:34
https://www.amazon.in/dp/B09K7LWR11,2024-02-26 16:22:47
https://www.amazon.in/dp/B0CG9MGMMB,2024-02-26 16:23:27
https://www.amazon.in/dp/B0BZHNYG4G,2024-02-26 16:23:50
https://www.amazon.in/dp/B09SM1N8PN,2024-02-26 16:24:11
https://www.amazon.in/dp/B073PVWNDD,2024-02-26 16:32:06
https://www.amazon.in/dp/B08P2GC8WS,2024-02-26 16:32:42
https://www.amazon.in/dp/B0B6FGZ2TY,2024-02-26 16:33:20
https://www.amazon.in/dp/B0B58J1RPR,2024-02-26 16:33:52
https://www.amazon.in/dp/B097JWDXHD,2024-02-26 16:34:26
https://www.amazon.in/dp/B09SWCDPQR,2024-02-26 16:35:22
https://www.amazon.in/dp/B0C8DG9JT3,2024-02-26 16:35:40
https://www.amazon.in/dp/B0CHW6GTDH,2024-02-26 16:39:28
https://www.amazon.in/dp/B0BM3ZWR6H,2024-02-26 16:44:24
https://www.amazon.in/dp/B09M8888DM,2024-02-26 16:46:59
https://www.amazon.in/dp/B00LO6W8QS,2024-02-26 16:48:38
https://www.amazon.in/dp/B082SKY3CT,2024-02-26 16:53:19
https://www.amazon.in/dp/B09B63SDVM,2024-02-26 16:59:55
https://www.amazon.in/dp/B07ZJND9B9,2024-02-26 17:00:24
https://www.amazon.in/dp/B09V85BHW9,2024-02-26 17:03:39
https://www.amazon.in/dp/B0B5DWDLZB,2024-02-26 17:06:22
https://www.amazon.in/dp/B07FM9BSKW,2024-02-26 17:08:07
https://www.amazon.in/dp/B08X25LZN2,2024-02-26 17:10:02
https://www.amazon.in/dp/B09M8PZYSF,2024-02-26 17:12:39
https://www.amazon.in/dp/B07VNFP3C2,2024-02-26 17:16:27
https://www.amazon.in/dp/B07L2WVRPR,2024-02-26 17:23:32
https://www.amazon.in/dp/B0949TYBW6,2024-02-26 17:30:32
https://www.amazon.in/dp/B0B2RQNWRD,2024-02-26 17:32:38
https://www.amazon.in/dp/B09JGDXL27,2024-02-26 17:33:02
https://www.amazon.in/dp/B0CBSMWFJV,2024-02-26 17:34:37
https://www.amazon.in/dp/B09YXPMG6R,2024-02-26 17:37:20
https://www.amazon.in/dp/B0CV4C2JV1,2024-02-26 17:39:47
https://www.amazon.in/dp/B0CDLL12CH,2024-02-26 17:41:48
https://www.amazon.in/dp/B08MCD9JFY,2024-02-26 17:42:23
https://www.amazon.in/dp/B00O1V4CXA,2024-02-26 17:44:23
https://www.amazon.in/dp/B0C2TNX58Q,2024-02-26 17:54:25
https://www.amazon.in/dp/B09SB5V3LY,2024-02-26 17:54:40
https://www.amazon.in/dp/B0C593RTWH,2024-02-26 17:55:21
https://www.amazon.in/dp/B0BF9N41X6,2024-02-26 17:55:52
https://www.amazon.in/dp/B0CKVW53GD,2024-02-26 17:58:28
https://www.amazon.in/dp/B07CJMJN7H,2024-02-26 18:04:33
https://www.amazon.in/dp/B0CDSCM9BN,2024-02-26 18:06:32
https://www.amazon.in/dp/B083KHHH73,2024-02-26 18:16:04
https://www.amazon.in/dp/B09SFZNG22,2024-02-26 18:19:15
https://www.amazon.in/dp/B09LCV23LW,2024-02-26 18:19:41
https://www.amazon.in/dp/B09835QBQH,2024-02-26 18:20:40
https://www.amazon.in/dp/B0C9M97BZJ,2024-02-26 18:23:08
https://www.amazon.in/dp/B097F36FCG,2024-02-26 18:23:34
https://www.amazon.in/dp/B0C2ZMCMN9,2024-02-26 18:23:48
https://www.amazon.in/dp/B0BQC4PRK7,2024-02-26 18:24:47
https://www.amazon.in/dp/B075MMWRW6,2024-02-26 18:27:21
https://www.amazon.in/dp/B0BSL6WSX2,2024-02-26 18:27:47
https://www.amazon.in/dp/B0CLRY8W84,2024-02-26 18:28:05
https://www.amazon.in/dp/B0BF5FQTJS,2024-02-26 18:28:30
https://www.amazon.in/dp/B0CP9X5RQ2,2024-02-26 18:39:30
https://www.amazon.in/dp/B0CHFMYJZB,2024-02-26 18:39:58
https://www.amazon.in/dp/B0B7FGDV96,2024-02-26 18:40:12
https://www.amazon.in/dp/B07438Z9YJ,2024-02-26 18:40:30
https://www.amazon.in/dp/B08K9PX15C,2024-02-26 18:41:13
https://www.amazon.in/dp/B08TQLZYMB,2024-02-26 18:52:14
https://www.amazon.in/dp/B0C23MGYWM,2024-02-26 18:53:15
https://www.amazon.in/dp/B0757MBSS6,2024-02-26 18:53:40
https://www.amazon.in/dp/B08WB7FVZP,2024-02-26 18:58:35
https://www.amazon.in/dp/B0CPC5LRGY,2024-02-26 19:02:01
https://www.amazon.in/dp/B0C9ZM3JRV,2024-02-26 19:24:25
https://www.amazon.in/dp/B07FLY39LQ,2024-02-26 19:24:48
https://www.amazon.in/dp/B091KNVNS9,2024-02-26 19:25:19
https://www.amazon.in/dp/B0B9S742LK,2024-02-26 19:34:40
https://www.amazon.in/dp/B072VHH7VM,2024-02-26 19:39:54
https://www.amazon.in/dp/B089N3KR5K,2024-02-26 19:40:23
https://www.amazon.in/dp/B0BP285XTD,2024-02-26 19:40:52
https://www.amazon.in/dp/B0BMYMX2QJ,2024-02-26 19:41:19
https://www.amazon.in/dp/B0B8W6JP9D,2024-02-26 19:43:01
https://www.amazon.in/dp/B0BTSL2TJ6,2024-02-26 19:49:46
https://www.amazon.in/dp/B0B9YCXSSQ,2024-02-26 19:50:28
https://www.amazon.in/dp/B0CFR631LN,2024-02-26 19:50:56
https://www.amazon.in/dp/B0CMTGSSLJ,2024-02-26 19:51:11
https://www.amazon.in/dp/B0CK1R8L22,2024-02-26 19:56:38
https://www.amazon.in/dp/B08Z47JR2G,2024-02-26 20:01:27
https://www.amazon.in/dp/B0CLK24MW5,2024-02-26 20:03:22
https://www.amazon.in/dp/B0BVBTY9BJ,2024-02-26 20:04:33
https://www.amazon.in/dp/B00CBRJ34E,2024-02-26 20:04:47
https://www.amazon.in/dp/B09HC6WFM7,2024-02-26 20:05:04
https://www.amazon.in/dp/B0B8D77P5C,2024-02-26 20:05:39
https://www.amazon.in/dp/B0CS3LTF7Y,2024-02-26 20:09:40
https://www.amazon.in/dp/B094RB4LVV,2024-02-26 20:14:44
https://www.amazon.in/dp/B09W96WDHY,2024-02-26 20:15:20
https://www.amazon.in/dp/B09RWL5RXP,2024-02-26 20:15:44
https://www.amazon.in/dp/B0CDQ8P8S4,2024-02-26 20:21:54
https://www.amazon.in/dp/B0CLSVSJF3,2024-02-26 20:22:01
https://www.amazon.in/dp/B0BWFM2VKM,2024-02-26 20:22:55
https://www.amazon.in/dp/B0BLZ51GCZ,2024-02-26 20:23:12
https://www.amazon.in/dp/B09SGBHJ71,2024-02-26 20:23:33
https://www.amazon.in/dp/B0CQN5VZVC,2024-02-26 20:23:48
https://www.amazon.in/dp/B07CS5DQ6N,2024-02-26 20:27:48
https://www.amazon.in/dp/B0B63FF4JP,2024-02-26 20:28:19
https://www.amazon.in/dp/B0B2K2BX2F,2024-02-26 20:32:05
https://www.amazon.in/dp/B0BY8JZ22K,2024-02-26 20:32:28
https://www.amazon.in/dp/B088KQT7ZF,2024-02-26 20:33:40
https://www.amazon.in/dp/B08S74GTBT,2024-02-26 20:39:41
https://www.amazon.in/dp/B0C8V17GXN,2024-02-26 20:46:56
https://www.amazon.in/dp/B0C5D235PN,2024-02-26 20:54:01
https://www.amazon.in/dp/B0CNKD4RRJ,2024-02-26 21:04:02
https://www.amazon.in/dp/B071K24NS9,2024-02-26 21:04:32
https://www.amazon.in/dp/B0C6TZTGQN,2024-02-26 21:12:42
https://www.amazon.in/dp/B0BRXFK2FR,2024-02-26 21:14:47
https://www.amazon.in/dp/B07MXJGZ8F,2024-02-26 21:18:21
https://www.amazon.in/dp/B07WGPKLFL,2024-02-26 21:37:56
https://www.amazon.in/dp/B0CG9V7YL7,2024-02-26 21:38:04
https://www.amazon.in/dp/B0CVMSSSMM,2024-02-26 21:38:33
https://www.amazon.in/dp/B0CJ5HP2C1,2024-02-26 21:53:40
https://www.amazon.in/dp/B09CMJP2NC,2024-02-26 22:03:23
https://www.amazon.in/dp/B09CV6FJ62,2024-02-26 22:03:51
https://www.amazon.in/dp/B0C7QZ1JLD,2024-02-26 22:04:10
https://www.amazon.in/dp/B0BVMLNGXR,2024-02-26 22:08:38
https://www.amazon.in/dp/B0BHKSSZH7,2024-02-26 22:09:35
https://www.amazon.in/dp/B097KCLF5F,2024-02-26 22:10:31
https://www.amazon.in/dp/B0841K1CYJ,2024-02-26 22:10:59
https://www.amazon.in/dp/B0CLS6YYRX,2024-02-26 22:11:49
https://www.amazon.in/dp/B07H94YY16,2024-02-26 22:24:38
https://www.amazon.in/dp/B0B2116MKK,2024-02-26 22:24:56
https://www.amazon.in/dp/B09RZYC83X,2024-02-26 22:25:10
https://www.amazon.in/dp/B08T5RSDG4,2024-02-27 10:48:04
https://www.amazon.in/dp/B08XQRS9PF,2024-02-27 10:49:41
https://www.amazon.in/dp/B09Y5FZK9N,2024-02-27 10:50:05
https://www.amazon.in/dp/B0C27NV331,2024-02-27 10:51:06
https://www.amazon.in/dp/B09KGW3NWL,2024-02-27 10:53:04
https://www.amazon.in/dp/B0C27R1VJ2,2024-02-27 10:56:18
https://www.amazon.in/dp/B08JM47F2G,2024-02-27 10:56:59
https://www.amazon.in/dp/B09PFCJG8N,2024-02-27 10:57:45
https://www.amazon.in/dp/B0CP9X5RQ2,2024-02-27 10:59:08
https://www.amazon.in/dp/B09RV4SQH4,2024-02-27 11:01:26
https://www.amazon.in/dp/B0BMGRR89V,2024-02-27 11:01:56
https://www.amazon.in/dp/B0BQJ9HZPP,2024-02-27 11:05:20
https://www.amazon.in/dp/B0822TN86F,2024-02-27 11:05:33
https://www.amazon.in/dp/B0CDPM43ZZ,2024-02-27 11:06:02
https://www.amazon.in/dp/B08P2GC8WS,2024-02-27 11:07:01
https://www.amazon.in/dp/B0B5GTDH3L,2024-02-27 11:09:07
https://www.amazon.in/dp/B0BSRVL2VV,2024-02-27 11:11:26
https://www.amazon.in/dp/B07MQ4GSLW,2024-02-27 11:12:02
https://www.amazon.in/dp/B0C89RCBJN,2024-02-27 11:13:27
https://www.amazon.in/dp/B0CKKH46Y6,2024-02-27 11:17:02
https://www.amazon.in/dp/B07WDKMGWR,2024-02-27 11:17:29
https://www.amazon.in/dp/B0C65FQCZM,2024-02-27 11:17:44
https://www.amazon.in/dp/B0CFBBJFQD,2024-02-27 11:20:38
https://www.amazon.in/dp/B00VK5M5E8,2024-02-27 11:20:56
https://www.amazon.in/dp/B08Z21W4TG,2024-02-27 11:22:10
https://www.amazon.in/dp/B09RHFNNLB,2024-02-27 11:22:32
https://www.amazon.in/dp/B084JPN4M9,2024-02-27 11:25:19
https://www.amazon.in/dp/B0C7W49C9X,2024-02-27 11:26:16
https://www.amazon.in/dp/B0BYSCPVYB,2024-02-27 11:26:43
https://www.amazon.in/dp/B08X4DYWZ4,2024-02-27 11:27:16
https://www.amazon.in/dp/B07HN5TMQL,2024-02-27 11:28:16
https://www.amazon.in/dp/B08RWVNT7Y,2024-02-27 11:30:24
https://www.amazon.in/dp/B0BPLTJQ2F,2024-02-27 11:31:23
https://www.amazon.in/dp/B08D7DG92N,2024-02-27 11:34:14
https://www.amazon.in/dp/B07GM6HPHH,2024-02-27 11:34:32
https://www.amazon.in/dp/B0CG9S68LF,2024-02-27 11:37:14
https://www.amazon.in/dp/B07SV4J4VY,2024-02-27 11:38:10
https://www.amazon.in/dp/B08QJLYY17,2024-02-27 11:39:00
https://www.amazon.in/dp/B0BCWSM4XD,2024-02-27 11:40:51
https://www.amazon.in/dp/B013U6HANA,2024-02-27 11:42:53
https://www.amazon.in/dp/B0CHMNN58M,2024-02-27 11:44:14
https://www.amazon.in/dp/B0BV6W7WWW,2024-02-27 11:46:41
https://www.amazon.in/dp/B0C96HMBJD,2024-02-27 11:47:15
https://www.amazon.in/dp/B0BZQ5FYQT,2024-02-27 11:58:52
https://www.amazon.in/dp/B0842CVYNS,2024-02-27 11:59:24
https://www.amazon.in/dp/B0CN19TXB3,2024-02-27 11:59:49
https://www.amazon.in/dp/B086XL3PJZ,2024-02-27 12:00:42
https://www.amazon.in/dp/B0CQJWQWD9,2024-02-27 12:02:13
https://www.amazon.in/dp/B0CJ2L1PT6,2024-02-27 12:10:51
https://www.amazon.in/dp/B0CM3FCQ2B,2024-02-27 12:11:07
https://www.amazon.in/dp/B0B1M8SZVB,2024-02-27 12:11:57
https://www.amazon.in/dp/B09X76PYZN,2024-02-27 12:17:41
https://www.amazon.in/dp/B0CP54Z65R,2024-02-27 12:19:01
https://www.amazon.in/dp/B08XY6WCDJ,2024-02-27 12:19:24
https://www.amazon.in/dp/B0BQWJHLDD,2024-02-27 12:19:47
https://www.amazon.in/dp/B0C1GCP8X4,2024-02-27 18:18:02
https://www.amazon.in/dp/B07416CG1F,2024-02-27 18:24:07
https://www.amazon.in/dp/B09792LR3L,2024-02-27 18:24:35
https://www.amazon.in/dp/B0CPJG92ZS,2024-02-27 18:24:49
https://www.amazon.in/dp/B0BJ7NFTB8,2024-02-27 18:36:28
https://www.amazon.in/dp/B07LCD59WP,2024-02-27 18:40:08
https://www.amazon.in/dp/B0C53F3JRR,2024-02-27 18:47:09
https://www.amazon.in/dp/B0BP7NKDW2,2024-02-27 18:51:09
https://www.amazon.in/dp/B0BZYY82MG,2024-02-27 18:52:37
https://www.amazon.in/dp/B0CP9M2S8H,2024-02-27 18:59:15
https://www.amazon.in/dp/B093DV2DLG,2024-02-27 18:59:54
https://www.amazon.in/dp/B089FNHYND,2024-02-27 19:00:56
https://www.amazon.in/dp/B08PDCCNG1,2024-02-27 19:01:25
https://www.amazon.in/dp/B0BLW2J4XZ,2024-02-27 19:04:31
https://www.amazon.in/dp/B08DS6PKQZ,2024-02-27 19:10:24
https://www.amazon.in/dp/B09RW5L535,2024-02-27 19:12:24
https://www.amazon.in/dp/B0CJ52B5TK,2024-02-27 19:16:24
https://www.amazon.in/dp/B0CFXWQ31K,2024-02-27 19:20:25
https://www.amazon.in/dp/B0CRHGT9DV,2024-02-27 19:21:01
https://www.amazon.in/dp/B0BYSXW6PQ,2024-02-27 19:26:41
https://www.amazon.in/dp/B081228524,2024-02-27 19:30:17
https://www.amazon.in/dp/B094DPP7B8,2024-02-27 19:45:13
https://www.amazon.in/dp/B01L8ZNWN2,2024-02-27 19:45:32
https://www.amazon.in/dp/B0CJYGCM9T,2024-02-27 19:54:12
https://www.amazon.in/dp/B0CQ58HSK1,2024-02-27 20:00:16
https://www.amazon.in/dp/B079QBB5YT,2024-02-27 20:01:00
https://www.amazon.in/dp/B0C8N2JNLN,2024-02-27 20:01:47
https://www.amazon.in/dp/B0CHW7PPTX,2024-02-27 20:12:32
https://www.amazon.in/dp/B08SW1S1GG,2024-02-27 20:14:56
https://www.amazon.in/dp/B07P5XM64Y,2024-02-27 20:15:23
https://www.amazon.in/dp/B0CQ7GGXJY,2024-02-27 20:15:43
https://www.amazon.in/dp/B08L7V39S5,2024-02-27 20:16:51
https://www.amazon.in/dp/B09MB22CX6,2024-02-27 20:18:24
https://www.amazon.in/dp/B0CSJR631Y,2024-02-27 20:19:02
https://www.amazon.in/dp/B0B8JWMB9S,2024-02-27 20:19:20
https://www.amazon.in/dp/B0CTXGS58J,2024-02-27 20:31:44
https://www.amazon.in/dp/B0C53K2YZ1,2024-02-27 20:32:04
https://www.amazon.in/dp/B0162ISAV4,2024-02-27 20:32:20
https://www.amazon.in/dp/B0844ZC51G,2024-02-27 20:32:37
https://www.amazon.in/dp/B00QEYUWPO,2024-02-27 20:32:58
https://www.amazon.in/dp/B0BD3YYM4V,2024-02-27 20:33:22
https://www.amazon.in/dp/B07SM8SW8G,2024-02-27 20:33:45
https://www.amazon.in/dp/B0CG28KC37,2024-02-27 20:34:32
https://www.amazon.in/dp/B0BZ1163C7,2024-02-27 20:35:06
https://www.amazon.in/dp/B0B6RH5JRL,2024-02-27 20:35:33
https://www.amazon.in/dp/B0CFGFKYP5,2024-02-27 20:35:46
https://www.amazon.in/dp/B0BX46GQL1,2024-02-27 20:36:04
https://www.amazon.in/dp/B0C856SY6R,2024-02-27 20:36:28
https://www.amazon.in/dp/B0C8MTWMK2,2024-02-27 20:37:14
https://www.amazon.in/dp/B08243BDWM,2024-02-27 20:37:36
https://www.amazon.in/dp/B08D45R4GQ,2024-02-27 20:38:01
https://www.amazon.in/dp/B0C1KQR5LD,2024-02-27 20:38:18
https://www.amazon.in/dp/B0CPJ1N1LT,2024-02-27 20:38:35
https://www.amazon.in/dp/B088TZC4B7,2024-02-27 20:40:51
https://www.amazon.in/dp/B0BCQ9HBSY,2024-02-27 20:41:54
https://www.amazon.in/dp/B0C7L4JFFZ,2024-02-27 20:46:42
https://www.amazon.in/dp/B01BYBTZHM,2024-02-27 20:47:05
https://www.amazon.in/dp/B0BJ3531DT,2024-02-27 20:47:26
https://www.amazon.in/dp/B0CLVFSNPW,2024-02-27 20:47:43
https://www.amazon.in/dp/B0CQ57Y1LS,2024-02-27 20:48:59
https://www.amazon.in/dp/B0B5XQMLJM,2024-02-27 20:49:11
https://www.amazon.in/dp/B08LKJVN1T,2024-02-27 20:49:29
https://www.amazon.in/dp/B08WXCZXQV,2024-02-27 20:49:41
https://www.amazon.in/dp/B0C651V3JB,2024-02-27 20:50:22
https://www.amazon.in/dp/B0BZCB3VKH,2024-02-27 20:50:36
https://www.amazon.in/dp/B07HHDVH9W,2024-02-27 20:51:13
https://www.amazon.in/dp/B08NCKT9FG,2024-02-27 20:51:36
https://www.amazon.in/dp/B098NS6PVG,2024-02-27 20:51:48
https://www.amazon.in/dp/B0CP5WJSG6,2024-02-27 21:01:34
https://www.amazon.in/dp/B081DT8NR2,2024-02-27 21:02:04
https://www.amazon.in/dp/B0CGVB97NT,2024-02-27 21:02:17
https://www.amazon.in/dp/B0BV74QD8H,2024-02-27 21:02:34
https://www.amazon.in/dp/B0C9QS5G2R,2024-02-27 21:03:04
https://www.amazon.in/dp/B0C3LHV43S,2024-02-27 21:03:16
https://www.amazon.in/dp/B0949TYBW6,2024-02-27 21:03:34
https://www.amazon.in/dp/B0BRY4HZQL,2024-02-27 21:03:41
https://www.amazon.in/dp/B0CLRF7KYH,2024-02-27 21:07:12
https://www.amazon.in/dp/B0CLPBC72N,2024-02-27 21:15:42
https://www.amazon.in/dp/B0BS6XQVD1,2024-02-27 21:15:59
https://www.amazon.in/dp/B0C788SHHC,2024-02-27 21:23:53
https://www.amazon.in/dp/B08FTQXWC7,2024-02-27 21:24:11
https://www.amazon.in/dp/B01N4WTXKU,2024-02-27 21:29:46
https://www.amazon.in/dp/B0C4FJ74HX,2024-02-27 21:45:39
https://www.amazon.in/dp/B0CHF1ZZYM,2024-02-27 21:46:06
https://www.amazon.in/dp/B07G7DB3JQ,2024-02-27 21:46:18
https://www.amazon.in/dp/B09B9SSR2T,2024-02-27 21:46:38
https://www.amazon.in/dp/B0BKZZC9VL,2024-02-27 21:47:15
https://www.amazon.in/dp/B0CQJWMMG7,2024-02-27 21:47:32
https://www.amazon.in/dp/B0C6GVRZVN,2024-02-27 22:01:06
https://www.amazon.in/dp/B0BNLBT6D4,2024-02-27 22:01:31
https://www.amazon.in/dp/B08VWZXTWY,2024-02-27 22:02:36
https://www.amazon.in/dp/B089RJGK9Q,2024-02-27 22:02:43
https://www.amazon.in/dp/B0CCLB75Q2,2024-02-27 22:03:22
https://www.amazon.in/dp/B0BTLYLWTQ,2024-02-27 22:08:54
https://www.amazon.in/dp/B0BZDFV2H1,2024-02-27 22:14:56
https://www.amazon.in/dp/B08S74GTBT,2024-02-27 22:16:09
https://www.amazon.in/dp/B0CB1HQT1S,2024-02-27 22:17:05
https://www.amazon.in/dp/B0CGD8QCTP,2024-02-27 22:17:17
https://www.amazon.in/dp/B0BRJ67V35,2024-02-27 22:30:07
https://www.amazon.in/dp/B0BRJ5RT1Y,2024-02-27 22:30:36
https://www.amazon.in/dp/B07YNYTNV8,2024-02-27 22:30:50
https://www.amazon.in/dp/B07F457TXN,2024-02-27 22:31:33
https://www.amazon.in/dp/B09XB7RCJZ,2024-02-27 22:31:57
https://www.amazon.in/dp/B09SLWYQGF,2024-02-27 22:40:44
https://www.amazon.in/dp/B074K9ZS9L,2024-02-27 22:46:06
https://www.amazon.in/dp/B0CPPZZBNC,2024-02-27 22:46:54
https://www.amazon.in/dp/B0CGM73L7H,2024-02-27 22:47:15
https://www.amazon.in/dp/B09SGBHJ71,2024-02-27 22:48:00
https://www.amazon.in/dp/B09G9D8KRQ,2024-02-27 22:50:05
https://www.amazon.in/dp/B0CMTFGF7N,2024-02-27 22:54:37
https://www.amazon.in/dp/B09YHR5ZKF,2024-02-27 23:03:00
https://www.amazon.in/dp/B0BZCWBK1G,2024-02-27 23:06:12
https://www.amazon.in/dp/B08K47RPCN,2024-02-27 23:12:30
https://www.amazon.in/dp/B0CGRRKGPK,2024-02-27 23:13:05
https://www.amazon.in/dp/B07FKWGXQG,2024-02-27 23:15:02
https://www.amazon.in/dp/B0CM6TNBSM,2024-02-27 23:27:17
https://www.amazon.in/dp/B07DS7N5JJ,2024-02-27 23:28:59
https://www.amazon.in/dp/B078N6QBPM,2024-02-27 23:36:03
https://www.amazon.in/dp/B0CQLXQKGR,2024-02-27 23:36:19
https://www.amazon.in/dp/B0B4CY46PZ,2024-02-27 23:36:52
https://www.amazon.in/dp/B0CLS5RJL5,2024-02-27 23:38:06
https://www.amazon.in/dp/B0B7WFXT46,2024-02-27 23:39:31
https://www.amazon.in/dp/B07MM5BMYY,2024-02-27 23:43:06
https://www.amazon.in/dp/B07B24KS8S,2024-02-27 23:44:32
https://www.amazon.in/dp/B0BTCWWTMB,2024-02-27 23:46:23
https://www.amazon.in/dp/B097L3J9D2,2024-02-27 23:49:21
https://www.amazon.in/dp/B07HHXK6DH,2024-02-27 23:49:38
https://www.amazon.in/dp/B06ZZRP2LK,2024-02-27 23:50:25
https://www.amazon.in/dp/B07LB9KB8P,2024-02-27 23:57:43
https://www.amazon.in/dp/B09MFZ48N1,2024-02-27 23:58:46
https://www.amazon.in/dp/B09R1NBW7B,2024-02-27 23:58:58
https://www.amazon.in/dp/B0BCQ7Y162,2024-02-27 23:59:17
https://www.amazon.in/dp/B0BJKQY9SW,2024-02-28 00:00:47
https://www.amazon.in/dp/B0BNHRT22J,2024-02-28 00:01:13
https://www.amazon.in/dp/B0095F5BCS,2024-02-28 00:02:46
https://www.amazon.in/dp/B09GFPSZGV,2024-02-28 00:05:12
https://www.amazon.in/dp/B09DZH4C71,2024-02-28 00:05:48
https://www.amazon.in/dp/B0BLCT4SZ2,2024-02-28 00:06:35
https://www.amazon.in/dp/B0B4VKX8PD,2024-02-28 00:08:51
https://www.amazon.in/dp/B097YLXYJD,2024-02-28 00:10:48
https://www.amazon.in/dp/B07R6DRR2Z,2024-02-28 00:10:59
https://www.amazon.in/dp/B0C4LPP7N6,2024-02-28 00:11:53
https://www.amazon.in/dp/B08J7LM5DG,2024-02-28 00:12:06
https://www.amazon.in/dp/B0CGNTKF6G,2024-02-28 00:12:20
https://www.amazon.in/dp/B08CSGSNDV,2024-02-28 00:12:40
https://www.amazon.in/dp/B0C7QWGZ6Z,2024-02-28 00:12:51
https://www.amazon.in/dp/B096KNC7JB,2024-02-28 00:13:51
https://www.amazon.in/dp/B09X7CJ8H1,2024-02-28 00:15:51
https://www.amazon.in/dp/B0BG5CMYKG,2024-02-28 00:19:52
https://www.amazon.in/dp/B0BJ2YS1P2,2024-02-28 00:24:08
https://www.amazon.in/dp/B0CV5KLM16,2024-02-28 00:24:22
https://www.amazon.in/dp/B09NNSM134,2024-02-28 00:24:46
https://www.amazon.in/dp/B0C7RD86LB,2024-02-28 00:24:57
https://www.amazon.in/dp/B07CM8T1DR,2024-02-28 00:25:37
https://www.amazon.in/dp/B0BR1D1Y7V,2024-02-28 00:28:42
https://www.amazon.in/dp/B0BC15RQGV,2024-02-28 00:33:42
https://www.amazon.in/dp/B0BKJRHV2M,2024-02-28 00:35:00
https://www.amazon.in/dp/B01LYBZX6Y,2024-02-28 00:40:42
https://www.amazon.in/dp/B0CJR7FF3C,2024-02-28 00:40:55
https://www.amazon.in/dp/B0B56YWX99,2024-02-28 00:41:05
https://www.amazon.in/dp/B0BDGMJM6B,2024-02-28 00:44:36
https://www.amazon.in/dp/B076YDYT9K,2024-02-28 00:47:42
https://www.amazon.in/dp/B09R9P7ZTR,2024-02-28 00:52:43
https://www.amazon.in/dp/B0BBW22L41,2024-02-28 00:52:49
https://www.amazon.in/dp/B07DK97R4G,2024-02-28 00:53:22
https://www.amazon.in/dp/B078JJBPZJ,2024-02-28 00:56:37
https://www.amazon.in/dp/B0BCFQWC13,2024-02-28 00:56:49
https://www.amazon.in/dp/B0BCYPW9NL,2024-02-28 00:56:57
https://www.amazon.in/dp/B0958W9Z8M,2024-02-28 00:59:52
https://www.amazon.in/dp/B0CJRD1S2Q,2024-02-28 01:18:46
https://www.amazon.in/dp/B0CTXGS58J,2024-02-28 11:00:46
https://www.amazon.in/dp/B0BNHRT22J,2024-02-28 11:01:13
https://www.amazon.in/dp/B09XBMCXF1,2024-02-28 11:01:25
https://www.amazon.in/dp/B09SGGRKV8,2024-02-28 11:01:43
https://www.amazon.in/dp/B09FGRR8WY,2024-02-28 11:02:16
https://www.amazon.in/dp/B0C3DBPGW6,2024-02-28 11:02:49
https://www.amazon.in/dp/B07SW1KK31,2024-02-28 11:03:12
https://www.amazon.in/dp/B0BLHL9T4V,2024-02-28 11:03:38
https://www.amazon.in/dp/B07QD5VR1L,2024-02-28 11:08:45
https://www.amazon.in/dp/B08J7LM5DG,2024-02-28 11:09:08
https://www.amazon.in/dp/B0BLCT4SZ2,2024-02-28 11:09:21
https://www.amazon.in/dp/B0B3D5VTGV,2024-02-28 11:09:52
https://www.amazon.in/dp/B07B24KS8S,2024-02-28 11:10:13
https://www.amazon.in/dp/B08K47RPCN,2024-02-28 11:10:45
https://www.amazon.in/dp/B07FKWGXQG,2024-02-28 11:10:57
https://www.amazon.in/dp/B096KNC7JB,2024-02-28 11:12:17
https://www.amazon.in/dp/B0BRPT24YZ,2024-02-28 11:12:36
https://www.amazon.in/dp/B0BZV8R4RL,2024-02-28 11:12:56
https://www.amazon.in/dp/B09LQFNBVM,2024-02-28 11:13:16
https://www.amazon.in/dp/B0C3WB46DW,2024-02-28 11:13:49
https://www.amazon.in/dp/B09JGNNFBJ,2024-02-28 11:14:26
https://www.amazon.in/dp/B0C9TZTMPQ,2024-02-28 11:14:39
https://www.amazon.in/dp/B07NY9DR87,2024-02-28 11:16:01
https://www.amazon.in/dp/B085SF39RZ,2024-02-28 11:16:14
https://www.amazon.in/dp/B0C7C1DRK5,2024-02-28 11:18:23
https://www.amazon.in/dp/B0BZCSMP95,2024-02-28 11:18:33
https://www.amazon.in/dp/B08W3D1WPR,2024-02-28 11:19:58
https://www.amazon.in/dp/B097KCLF5F,2024-02-28 11:22:56
https://www.amazon.in/dp/B0CR17KZF7,2024-02-28 11:24:30
https://www.amazon.in/dp/B0BM9VP9J5,2024-02-28 11:25:38
https://www.amazon.in/dp/B01AW59H6A,2024-03-04 17:36:45
https://www.amazon.in/dp/B0CG988326,2024-03-04 17:40:08
https://www.amazon.in/dp/B099ZTWB5C,2024-03-04 17:41:09
https://www.amazon.in/dp/B07RYLYWMK,2024-03-04 17:48:31
https://www.amazon.in/dp/B07BFC5RFB,2024-03-04 17:49:40
https://www.amazon.in/dp/B0CKHY8TF5,2024-03-04 17:51:34
https://www.amazon.in/dp/B0CJR7N1BS,2024-03-04 17:54:53
https://www.amazon.in/dp/B0CP9LYM8K,2024-03-04 17:56:11
https://www.amazon.in/dp/B0BK1457X3,2024-03-04 18:01:54
https://www.amazon.in/dp/B0CK2BKZBQ,2024-03-04 18:05:17
https://www.amazon.in/dp/B0CJ6SHZFS,2024-03-04 18:07:16
https://www.amazon.in/dp/B0CGPWZZJC,2024-03-04 18:12:47
https://www.amazon.in/dp/B08H673XKN,2024-03-04 18:17:42
https://www.amazon.in/dp/B0CQRF9556,2024-03-04 18:18:41
https://www.amazon.in/dp/B0BRN5PDFV,2024-03-04 18:19:55
https://www.amazon.in/dp/B0CJ3WVJYJ,2024-03-04 18:21:00
https://www.amazon.in/dp/B0CHBMFV6Y,2024-03-04 18:23:58
https://www.amazon.in/dp/B08WLBZT6H,2024-03-04 18:24:58
https://www.amazon.in/dp/B08TV2P1N8,2024-03-04 18:25:58
https://www.amazon.in/dp/B0BR59RXJ7,2024-03-04 18:49:28
https://www.amazon.in/dp/B0CG9TNQPV,2024-03-04 18:49:37
https://www.amazon.in/dp/B08VWZXTWY,2024-03-04 18:49:56
https://www.amazon.in/dp/B0BLKH4HNH,2024-03-04 18:52:58
https://www.amazon.in/dp/B0BZVKZ1TX,2024-03-04 18:53:26
https://www.amazon.in/dp/B0BDGMPPH9,2024-03-04 18:53:51
https://www.amazon.in/dp/B083C6XMKQ,2024-03-04 18:54:03
https://www.amazon.in/dp/B0BQJ7NMVM,2024-03-04 18:54:49
https://www.amazon.in/dp/B0C2J1VBZM,2024-03-04 18:54:57
https://www.amazon.in/dp/B0BRPXHKNX,2024-03-04 18:57:19
https://www.amazon.in/dp/B07FNGJNNK,2024-03-04 18:57:39
https://www.amazon.in/dp/B09Y8NMHM3,2024-03-04 19:01:25
https://www.amazon.in/dp/B0BP7SY16R,2024-03-04 19:06:16
https://www.amazon.in/dp/B0C4M27H52,2024-03-04 19:12:45
https://www.amazon.in/dp/B082F88NKP,2024-03-04 19:17:37
https://www.amazon.in/dp/B08P5M592H,2024-03-04 19:22:13
https://www.amazon.in/dp/B0BT1YXLYV,2024-03-04 19:22:42
https://www.amazon.in/dp/B08LQRXXNB,2024-03-04 19:28:13
https://www.amazon.in/dp/B09JWQ6RMS,2024-03-04 19:29:15
https://www.amazon.in/dp/B07WGWGMBM,2024-03-04 19:30:43
https://www.amazon.in/dp/B09NNTGWL6,2024-03-04 19:31:26
https://www.amazon.in/dp/B09DL9WKD4,2024-03-04 19:33:34
https://www.amazon.in/dp/B0BX9PH464,2024-03-04 19:34:16
https://www.amazon.in/dp/B078G8SW9Q,2024-03-04 19:36:11
https://www.amazon.in/dp/B09WFBY3FT,2024-03-04 19:36:34
https://www.amazon.in/dp/B0CVNHRCK3,2024-03-04 19:38:12
https://www.amazon.in/dp/B096NBK7V1,2024-03-04 19:40:09
https://www.amazon.in/dp/B096871LNF,2024-03-04 19:40:36
https://www.amazon.in/dp/B0B41ZX43C,2024-03-04 19:41:56
https://www.amazon.in/dp/B07SZ85LX3,2024-03-04 19:43:26
https://www.amazon.in/dp/B0BSF6TSM2,2024-03-04 19:47:31
https://www.amazon.in/dp/B0BGH1NQ5M,2024-03-04 19:52:27
https://www.amazon.in/dp/B0BNZZNH4G,2024-03-04 19:52:53
https://www.amazon.in/dp/B084PBXVMX,2024-03-04 19:55:04
https://www.amazon.in/dp/B01MSVMHFG,2024-03-04 19:55:22
https://www.amazon.in/dp/B0C33YHQZR,2024-03-04 19:56:36
https://www.amazon.in/dp/B07S4TCRTB,2024-03-04 19:58:19
https://www.amazon.in/dp/B0BX6SHPS8,2024-03-04 19:59:02
https://www.amazon.in/dp/B0C66399RP,2024-03-04 19:59:17
https://www.amazon.in/dp/B07ZZBYWKF,2024-03-04 19:59:41
https://www.amazon.in/dp/B0BVBTGFH7,2024-03-04 20:04:43
https://www.amazon.in/dp/B072SNJ1HB,2024-03-04 20:08:41
https://www.amazon.in/dp/B09RQR84CC,2024-03-04 20:09:07
https://www.amazon.in/dp/B07PB972QX,2024-03-04 20:12:36
https://www.amazon.in/dp/B0BL3FLQK5,2024-03-04 20:13:00
https://www.amazon.in/dp/B0BW4HKHF9,2024-03-04 20:13:39
https://www.amazon.in/dp/B07STBX574,2024-03-04 20:14:33
https://www.amazon.in/dp/B0CQLXQKGR,2024-03-04 20:14:59
https://www.amazon.in/dp/B0BZV8R4RL,2024-03-04 20:15:26
https://www.amazon.in/dp/B09HN3BMD8,2024-03-04 20:15:50
https://www.amazon.in/dp/B07MY6KHN7,2024-03-04 20:18:45
https://www.amazon.in/dp/B0BRKXXPZ7,2024-03-04 20:20:27
https://www.amazon.in/dp/B098LR2L3K,2024-03-04 20:20:56
https://www.amazon.in/dp/B09MM58Y7Q,2024-03-04 20:21:39
https://www.amazon.in/dp/B07RD611Z8,2024-03-04 20:27:29
https://www.amazon.in/dp/B07XP8D3WS,2024-03-04 20:29:29
