flipkart_pid,message_time

RAQFYA5XCZZHHVGY,2024-02-26 21:00:32
RKSFPBQPMWPRYJJY,2024-02-26 21:07:59
KTAGS9YYDBJPDFZK,2024-02-26 21:12:03
SMWG2HWG7XZEZGGK,2024-02-26 21:21:24
ERDGTHNJNSCPWHGH,2024-02-26 21:24:23
WATFFH79ZV35V9HX,2024-02-26 21:24:47
BCRGVGH2KHXHVFGU,2024-02-26 21:57:35
HWSEXCWTKJRXCQDU,2024-02-26 21:58:37
FMCGFMUWUMMWAVHT,2024-02-26 22:10:04
NLPFZ6GHQB33QQQA,2024-02-26 22:25:49
CFTGMHWSVHHWF6TV,2024-02-27 11:03:13
MIXFC7C7G8UFXWN6,2024-02-27 11:03:29
ACCG42SG53N8PYYQ,2024-02-27 11:06:24
IRNG9CQFHSYQ3UKD,2024-02-27 11:20:21
MIXGR3M3NKK55UWD,2024-02-27 11:34:53
PROGPEHBQETTRE6G,2024-02-27 11:39:31
SMWGMGY5HYDC3WSG,2024-02-27 11:43:55
SNDGVBX37TTWKGGU,2024-02-27 11:53:22
TVSGSRQ9SXPXPTXJ,2024-02-27 18:19:18
GHEGVPGQGR3CZYGC,2024-02-27 18:19:38
FCWG4G8GW6RQ3VGW,2024-02-27 18:33:50
MONGCZSTCZZ5UX2B,2024-02-27 18:34:13
CKSGGZYFHVPZP2G9,2024-02-27 18:38:12
MOBGTAGPAQNVFZZY,2024-02-27 18:41:06
NDFGTMGGFMZRHR2Y,2024-02-27 18:59:35
TMRGXQA7DEVB7GCS,2024-02-27 19:58:22
NDFFZ2WP4PG5UJDA,2024-02-27 19:59:16
BBGGPJXAXGC2XBFK,2024-02-27 20:16:06
AYDGZHZCUZX62XRV,2024-02-27 20:16:19
MOBGZSDKHBHNYPSH,2024-02-27 20:16:35
NDFG8TXJKU2ZD4SW,2024-02-27 20:17:35
PWBGFK3QTYEDTHYG,2024-02-27 20:18:06
ACCGRNZ3SXVZGRFX,2024-02-27 20:18:54
NDFGE3YW7DUK8QRU,2024-02-27 20:34:17
SARGYVA4WZDFZFDW,2024-02-27 20:43:21
WMNGGUWZK6VEQPXD,2024-02-27 20:47:59
MOBGTAGPDTKHHHZU,2024-02-27 20:48:36
CKSGGHTUXYM3HEXA,2024-02-27 20:50:12
COMGMM3HW2HPGKDB,2024-02-27 20:51:00
TSHGSKP2QZGBSVNG,2024-02-27 21:23:39
AYDGTU84GZZAY5HB,2024-02-27 21:47:07
SNDFZFFFUBECUHUN,2024-02-27 22:02:14
SNDFNR7B5AJZBS8X,2024-02-27 22:03:08
MIXGRH82YRZPZBZH,2024-02-27 22:13:30
PRCGSRF53SASSQXZ,2024-02-27 22:14:21
MIXGPC59Z9NQEM3R,2024-02-27 22:47:34
DEOGHGF7UPKDMXW9,2024-02-27 22:53:06
BBGFHTC94ZTVYDEF,2024-02-27 23:08:14
SMWGWT49G7ZMEPKS,2024-02-27 23:08:22
ACCGSZY8ZZ3MKGES,2024-02-27 23:35:52
TVSGSZGZY6QMR5JH,2024-02-27 23:41:34
TABGTBGX3AKDAYE7,2024-02-27 23:42:53
COMGXMY5NC8VXGHH,2024-02-27 23:49:12
MPCGQAKMQFKRE6VZ,2024-02-27 23:51:33
STCGMN8GZ7D6UJFK,2024-02-27 23:53:48
SMWFKFYZAMQUGZVS,2024-02-28 00:01:05
SMWFVNKGGCFZSJTM,2024-02-28 00:04:44
MOBGHMZEGDGXT2BT,2024-02-28 00:17:41
MOBGTAGPTB3VS24W,2024-02-28 00:19:01
MOBGTAGPNMZA5PU5,2024-02-28 00:19:08
MOBGTAGPYYWZRUJX,2024-02-28 00:22:15
WADFHG5VGQTWFFZF,2024-02-28 00:39:15
SMWGJFRZQ6MFQCZV,2024-02-28 00:57:44
PLLGGZCRKNATHGS9,2024-02-28 01:04:54
MOBGTAGPTB3VS24W,2024-02-28 11:11:24
MOBGTAGPNMZA5PU5,2024-02-28 11:11:46
MOBGTAGPDTKHHHZU,2024-02-28 11:11:59
SMWFKFYZAMQUGZVS,2024-02-28 11:12:29
MOBGHMZEGDGXT2BT,2024-02-28 11:14:13
DEOGG8DUFZS7BET9,2024-02-28 11:15:10
SHOGG8DG5HA2GZUH,2024-02-28 11:18:06
CASGMPTC9G4RHSP4,2024-03-04 17:38:59
NDFGURXKSYGFSPZY,2024-03-04 17:39:58
LBXGHH4USUFZZX8Q,2024-03-04 17:44:21
MIXGP7KGAZY7R3BE,2024-03-04 17:44:50
FANGR7FGMHZXGMTZ,2024-03-04 17:50:21
RKSGSZNSZGVZNZ2E,2024-03-04 17:50:49
BELGYKJFUYZ93KV4,2024-03-04 17:53:12
CNTGX8SMUP8RFZZK,2024-03-04 18:02:26
WIPFS3P8MG5CGP49,2024-03-04 18:04:16
PTPEZR8664V3ZGGZ,2024-03-04 18:09:37
MSCGVFS7ASTGYUPS,2024-03-04 18:35:23
TMRFYZHXW76HZG4B,2024-03-04 18:43:47
TVSGREPA8RMQN2QW,2024-03-04 18:45:20
ACCGQSGHFHAEVBAD,2024-03-04 18:45:53
SHTGWSW73GDPNGZG,2024-03-04 18:46:23
WCWGHMHQEMZZHHZ5,2024-03-04 18:46:45
SHTGWSW4FMZ3CYHH,2024-03-04 18:49:08
SMWGY9G2DZVVDGN4,2024-03-04 18:50:16
ACCGVKHRZG72XC3M,2024-03-04 18:56:58
NDFGZ7CYYUU3F7RV,2024-03-04 18:59:28
SRBGQUZH8USM7BHE,2024-03-04 19:01:08
NDFGFYSYFZ8GFRHK,2024-03-04 19:03:33
NDFGRK5DRJUZ38ZA,2024-03-04 19:08:11
ACCG25T4HNWQJWBB,2024-03-04 19:08:48
ACCGRXPXRFPAH3UF,2024-03-04 19:23:31
KTBGRK9FVCCVG7GB,2024-03-04 19:31:56
SHTGBPJFQADGJWFK,2024-03-04 19:32:46
CDMGD6M4JANZYDQC,2024-03-04 19:33:58
BOTGN7B4EFJRGE5X,2024-03-04 19:36:54
MSCG5QZWH4FKHD6C,2024-03-04 19:39:13
MOBGYBAVBQ86QKJT,2024-03-04 19:41:13
ACCGH32HGHQHPFES,2024-03-04 19:44:28
MNTGFEFGQCXZZKYJ,2024-03-04 19:45:32
NDFGRS2Q3BKVHDHZ,2024-03-04 19:48:45
SMWGMH4RUBYE7SHF,2024-03-04 19:55:43
FNDGSQA5AF7DJGU3,2024-03-04 19:56:23
CANGST2HZM4Z53JK,2024-03-04 20:05:46
ICTGHH6HQYJUZPA7,2024-03-04 20:08:22
KTBGCK2H3ZXKWYHM,2024-03-04 20:12:00
GSTGMEPJECEZDNYN,2024-03-04 20:19:42
